FIPS,County,Total_Population_2019_est,Kemp_Votes,Abrams_Votes,Total_Population_2016,White,Black_or_African_American,American_Indian_or_Alaskan_Native,Asian,Native_Hawaiian_Other_Pacific_Islander,Two_or_more_races,POC_sum_non_white,0_to_4_2016,5_to_9_2016,10_to_14_2016,15_to_19_2016,20_to_24_2016,25_to_29_2016,30_to_34_2016,35_to_39_2016,40_to_44_2016,45_to_49_2016,50_to_54_2016,55_to_59_2016,60_to_64_2016,65_to_69_2016,70_to_74_2016,75_to_79_2016,80_to_84_2016,85_or_older_2016,Median_Age,Cases_4.20,Deaths_4.20,Recovered_4.20,Active_4.20,2018_GDP_1000s_Chained_Dollars,Per_Capita_Personal_Income_2018
13001,Appling,18386,5428,1358,18428,14318,3577,104,169,35,225,4110,1313,1300,1244,1199,1081,1149,1053,1094,1100,1142,1214,1330,1170,1100,746,559,332,302,38.9,21,0,0,21,1417429,33268
13003,Atkinson,8165,1876,637,8273,6370,1450,113,78,91,171,1903,660,640,643,607,522,540,471,556,533,570,530,536,434,387,256,197,125,66,35.5,5,0,0,5,236695,30511
13005,Bacon,11164,3321,489,11372,9173,1886,39,70,22,182,2199,785,840,831,764,705,747,682,749,803,716,649,696,718,624,397,323,193,150,37.4,19,1,0,18,357666,33080
13007,Baker,3038,753,535,3150,1619,1445,12,36,2,36,1531,147,180,190,168,168,189,173,163,192,191,250,279,254,228,138,97,70,73,45.1,20,2,0,18,87742,38666
13009,Baldwin,44890,7735,7793,45144,24467,19142,155,800,31,549,20677,2279,2494,2501,4308,5715,2781,2470,2453,2264,2576,2905,2920,2750,2396,1666,1175,770,721,35,132,4,0,128,1237235,33203
13011,Banks,19234,6150,645,18397,17230,532,100,238,28,269,1167,1020,1100,1247,1266,1025,1081,985,1161,1251,1288,1368,1319,1189,1147,868,534,330,218,41.3,15,0,0,15,432928,36276
13013,Barrow,83240,20162,6900,77126,63014,9075,396,2883,68,1690,14112,5472,5873,5872,4987,4469,5568,5803,5652,5230,5291,5102,4634,4017,3534,2373,1511,900,838,35.4,99,3,0,96,1884951,36898
13015,Bartow,107738,28425,8524,103807,88584,11491,629,964,97,2042,15223,6685,6914,7495,6854,6358,7171,6571,6591,6804,7667,7628,7144,5982,5124,3770,2313,1446,1290,37.9,256,24,0,232,4495356,38298
13017,Ben_Hill,16700,3539,1983,17243,10610,6140,114,148,11,220,6633,1200,1325,1202,1111,1010,1124,1040,1010,958,1043,1107,1165,1153,957,716,482,353,287,38,19,0,0,19,481148,31436
13019,Berrien,19397,5314,900,18993,16468,2016,70,200,11,228,2525,1203,1264,1371,1196,1060,1177,1140,1124,1110,1302,1337,1399,1124,1083,816,575,383,329,39.8,10,0,0,10,354815,31535
13021,Bibb,153159,23225,37066,152760,62759,83961,454,3116,185,2285,90001,10763,10823,10281,10677,11319,11028,9489,9158,8561,8992,9669,10270,9133,7932,5229,3811,2817,2808,36.1,203,2,0,201,7980755,41709
13023,Bleckley,12873,3816,1002,12970,9156,3475,25,162,2,150,3814,702,715,713,1417,1092,762,686,727,672,786,914,867,702,653,556,393,292,321,37.7,5,0,0,5,232430,33672
13025,Brantley,19109,5198,461,18355,17300,608,75,49,2,321,1055,1128,1180,1295,1248,1069,1104,1035,1117,1172,1282,1404,1309,1184,1069,743,469,326,221,40,20,2,0,18,240294,27413
13027,Brooks,15457,3511,2188,15687,9706,5519,65,135,32,230,5981,968,952,956,906,899,941,982,836,852,969,1187,1209,1069,1044,796,514,334,273,42.5,30,6,0,24,286906,34944
13029,Bryan,39627,10507,4313,36230,28801,5305,173,708,57,1186,7429,2684,2947,3132,2653,1902,2345,2744,2892,2654,2406,2253,2071,1664,1463,969,619,409,423,34.5,34,2,0,32,807644,52456
13031,Bulloch,79608,14848,8630,74722,49763,22122,291,1168,84,1294,24959,4196,4126,4123,8088,12502,6025,4539,4022,3789,3822,3984,3966,3550,2901,2019,1415,902,753,28.4,31,2,0,29,2141698,32382
13033,Burke,22383,4410,4269,22688,11271,10849,84,115,25,344,11417,1595,1594,1757,1503,1445,1413,1271,1347,1244,1372,1579,1629,1543,1215,929,537,379,336,37.7,51,3,0,48,2489579,35524
13035,Butts,24936,6358,2451,23817,16528,6721,80,147,7,334,7289,1372,1333,1389,1393,1669,1788,1630,1576,1549,1674,1757,1594,1415,1323,950,634,384,387,39.2,82,2,0,80,560604,34297
13037,Calhoun,6189,810,1084,6324,2237,3896,35,51,19,86,4087,291,310,350,331,449,482,480,517,475,471,448,442,422,296,196,134,91,139,39.5,61,2,0,59,124665,24638
13039,Camden,54666,11139,5727,53008,39936,10226,371,768,98,1609,13072,3893,3643,3323,3358,5565,4799,3900,3080,2711,2994,3254,3316,2647,2447,1890,1133,571,484,32.3,27,0,0,27,1865713,36113
13043,Candler,10803,2560,963,10910,7893,2708,30,125,17,137,3017,689,774,809,706,619,714,597,609,654,699,723,698,735,656,508,330,197,193,39.5,7,0,0,7,243238,31385
13045,Carroll,119992,29204,12180,116261,89412,22310,743,1169,87,2540,26849,7357,7877,7934,9609,10747,8106,7308,7120,7120,7430,7352,7102,6066,5483,3839,2699,1718,1394,34.4,307,11,0,296,3994013,38571
13047,Catoosa,67580,18881,4590,66398,62112,1828,257,961,83,1157,4286,3712,4205,4643,4370,3704,4076,3816,4276,4516,4777,4714,4378,4044,3837,2856,2022,1357,1095,40.5,26,0,0,26,1366360,35158
13049,Charlton,13392,2534,822,12497,8199,3897,82,85,6,228,4298,623,690,650,675,912,1096,919,883,872,899,922,901,658,606,462,347,205,177,38.8,7,0,0,7,193017,24976
13051,Chatham,289430,41425,61059,289082,155876,117081,935,8334,425,6431,133206,19102,17922,16704,18654,23840,25905,22330,18976,16122,16364,17452,17993,16451,14603,10174,6836,4723,4931,35,185,6,0,179,16849129,47563
13053,Chattahoochee,10907,603,494,10922,7743,2201,161,329,91,397,3179,825,657,438,910,2943,1657,980,613,443,281,264,210,195,151,140,107,63,45,24.4,7,0,0,7,1422770,31115
13055,Chattooga,24789,5936,1445,24824,21545,2489,106,143,77,464,3279,1459,1543,1548,1517,1552,1644,1494,1580,1572,1673,1658,1786,1604,1454,1050,742,472,476,40.3,10,1,0,9,549226,30946
13057,Cherokee,258773,76700,28047,241689,214395,16316,1127,4658,217,4976,27294,14739,16694,18586,16576,13732,13826,14919,16432,17838,19133,18034,16264,13491,12604,8397,5029,2906,2489,38.6,322,10,0,312,6203380,51137
13059,Clarke,128331,12365,30427,124707,80762,35181,498,5513,131,2622,43945,6750,6430,5578,12228,24161,11962,8689,7579,6319,5744,5446,5762,5340,4526,3102,2119,1386,1586,27.8,114,13,0,101,6890589,33970
13061,Clay,2834,536,642,3020,1148,1813,11,14,1,33,1872,179,171,184,162,154,172,151,166,129,128,182,224,255,257,194,158,66,88,46.7,20,2,0,18,79221,31520
13063,Clayton,292256,10868,80971,279462,58053,198338,1594,14786,286,6405,221409,21311,22990,21702,20572,20537,22848,19488,19072,18452,19064,18251,16846,13485,10518,6185,3821,2399,1921,32.5,546,20,0,526,16751712,28020
13065,Clinch,6618,1717,534,6829,4746,1872,62,19,7,123,2083,476,496,488,444,461,457,405,396,431,402,431,439,425,403,317,166,116,76,37.2,7,0,0,7,246674,37548
13067,Cobb,760141,138852,168767,748150,475570,209951,3489,39862,530,18748,272580,48171,50305,51945,50394,49526,53810,53285,53910,53544,55581,53247,49017,40070,33390,21238,13436,8615,8666,36.5,1215,59,0,1156,45417267,57162
13069,Coffee,43273,8929,3630,43012,29625,12136,211,441,23,576,13387,2925,3017,2858,2913,3207,3289,2942,2864,2746,2850,2898,2655,2283,2074,1394,984,600,513,35.6,83,4,0,79,1389874,32644
13071,Colquitt,45600,9830,3054,45708,33355,10707,641,410,75,520,12353,3235,3688,3380,3095,2907,3006,2917,3007,2845,2820,2983,2621,2534,2341,1732,1153,759,685,36,154,5,0,149,1302673,32526
13073,Columbia,156714,40947,20023,147450,110118,25510,600,6371,266,4585,37332,9328,10600,11120,10196,8589,9884,10834,10459,9991,10083,10021,9491,8505,7102,4488,2889,1966,1904,36.5,120,2,0,118,3294683,49473
13075,Cook,17270,4116,1667,17167,12126,4626,62,135,10,208,5041,1154,1285,1307,1252,1007,1043,1003,1108,1094,1093,1127,1089,942,939,656,496,331,241,37.3,13,1,0,12,366696,32524
13077,Coweta,148509,40471,16908,140526,108753,25482,569,2797,142,2783,31773,8732,9702,10647,9658,8261,8294,8714,9400,9722,10902,10491,9759,7808,6958,4857,3182,1914,1525,38.3,170,4,0,166,3705520,46438
13079,Crawford,12404,3595,1302,12322,9421,2560,81,95,9,156,2901,605,723,768,711,647,769,644,652,703,826,1068,1094,869,831,636,381,237,158,44.6,14,0,0,14,165034,33784
13081,Crisp,22372,4445,2577,22721,11992,10110,64,284,17,254,10729,1475,1583,1551,1456,1414,1395,1310,1337,1271,1357,1498,1548,1607,1410,913,630,461,505,39.3,125,2,0,123,712897,32540
13083,Dade,16116,4508,884,16257,15588,202,93,163,10,201,669,818,846,916,1170,1384,951,903,891,970,999,1095,1226,1142,1052,743,514,352,285,41.4,12,1,0,11,376102,35640
13085,Dawson,26108,9953,1519,23604,22788,185,101,141,15,374,816,1201,1338,1425,1405,1282,1400,1326,1274,1450,1674,1830,1759,1647,1790,1310,804,438,251,44.1,45,1,0,44,814582,45201
13087,Decatur,26404,5492,3615,26822,14768,11306,221,172,34,321,12054,1757,1793,1837,1877,1760,1733,1508,1567,1598,1710,1851,1785,1619,1412,1114,801,590,510,38.6,59,1,0,58,824276,36150
13089,DeKalb,759297,48923,261042,740321,264119,409094,3363,47412,595,15738,476202,53656,49888,45469,43169,48146,63653,60652,55905,50812,50903,49299,46303,40212,32716,19345,12603,8440,9150,35.5,1534,29,0,1505,37396329,50871
13091,Dodge,20605,5220,1817,20563,13967,6134,87,95,38,242,6596,1122,1166,1130,1238,1322,1424,1277,1338,1330,1587,1536,1435,1391,1116,847,595,411,298,41.1,19,0,0,19,431156,30682
13093,Dooly,13390,2001,1782,13763,6619,6854,34,106,9,141,7144,527,712,785,776,833,913,914,928,952,953,971,1135,1024,849,608,430,242,211,42.7,73,5,0,68,312341,28297
13095,Dougherty,87956,9330,21980,90017,24561,63154,273,766,182,1081,65456,6120,6443,5954,6974,7213,6599,5454,5409,4968,5097,5434,5727,5464,4732,2964,2196,1573,1696,35.2,1446,103,0,1343,4198481,34744
13097,Douglas,146343,21744,33053,142224,70168,65303,620,2373,231,3529,72056,9052,10169,11296,10724,9414,9039,8599,9689,10340,11255,10484,9142,7360,6115,4153,2679,1482,1232,36.5,244,7,0,237,3848040,35230
13099,Early,10190,2285,1840,10339,4934,5191,50,69,2,93,5405,679,712,747,699,603,586,503,566,599,619,713,678,641,597,550,356,254,237,40.6,173,10,0,163,554226,38945
13101,Echols,4006,1008,126,3962,3533,206,109,33,8,73,429,301,324,291,249,242,284,309,275,289,217,280,230,204,176,85,90,77,39,34.6,4,0,0,4,48865,27880
13103,Effingham,64296,17969,5145,58712,48454,8102,263,659,86,1148,10258,4083,4208,4531,4218,3406,3965,4123,4200,3980,4121,4199,3891,3122,2557,1800,1132,673,503,36.1,29,1,0,28,1789623,41942
13105,Elbert,19194,5152,2194,19143,13105,5577,72,156,9,224,6038,1132,1228,1096,1137,1100,1223,998,1110,997,1197,1355,1409,1319,1254,918,708,510,452,42.8,7,0,0,7,577880,35448
13107,Emanuel,22646,5400,2278,22635,14372,7798,84,136,11,234,8263,1530,1652,1566,1383,1443,1567,1450,1442,1301,1298,1441,1481,1364,1257,949,699,454,358,37.4,14,0,0,14,624021,32187
13109,Evans,10654,2392,1040,10670,7041,3277,63,125,40,124,3629,789,782,818,650,601,721,666,685,620,622,695,733,607,518,449,339,210,165,37.2,4,0,0,4,348274,35212
13111,Fannin,26188,9306,1809,24900,24141,199,100,136,11,313,759,1067,1150,1284,1245,1116,1151,1074,1209,1226,1444,1730,2159,2308,2495,1756,1158,727,601,51.6,19,1,0,18,601484,35727
13113,Fayette,114421,32497,24796,111627,77437,25719,471,5441,133,2426,34190,4943,6494,8696,8946,7071,4574,4753,5718,6698,8234,9318,8963,7744,7125,4955,3228,2007,2160,43.6,144,8,0,136,4314130,63515
13115,Floyd,98498,21569,8445,96560,78006,14249,775,1477,279,1774,18554,5877,6406,6497,7158,6460,6416,5755,5874,5835,6114,6343,6379,5784,5207,3761,2844,1993,1857,38.1,127,9,0,118,3787411,38524
13117,Forsyth,244252,65845,26092,221009,181589,8058,1089,26484,130,3659,39420,13487,17848,19502,16347,10524,8863,12758,16550,18801,20020,17089,13261,9869,9370,7130,4639,2775,2176,38.5,213,8,0,205,8676090,62580
13119,Franklin,23349,7051,1036,22320,19514,2123,88,229,12,354,2806,1285,1332,1355,1523,1447,1424,1210,1219,1209,1473,1498,1555,1478,1392,1159,746,567,448,41.6,12,0,0,12,899867,36672
13121,Fulton,1063937,112991,306589,1023336,471529,455792,3173,71301,495,21046,551807,63129,64156,64898,68723,74537,87380,81647,75683,72344,74434,69630,62522,50931,42195,26735,18241,12042,14109,35.5,2208,82,0,2126,152383941,84386
13123,Gilmer,31369,10471,1917,29733,28468,364,206,184,150,361,1265,1581,1620,1620,1731,1477,1444,1485,1632,1677,1784,2063,2285,2348,2603,1867,1227,740,549,46.6,18,0,0,18,827846,35419
13127,Glynn,85292,20743,11636,84502,58581,22503,415,1308,159,1536,25921,4977,5385,5491,5162,5104,5167,4937,4992,4734,5203,5748,6090,5672,5545,4145,2708,1759,1683,41.2,49,0,0,49,3524216,46073
13129,Gordon,57963,14586,3046,56904,52315,2502,373,634,201,879,4589,3552,3970,4098,3937,3494,3611,3560,3688,3891,4118,4072,3661,3260,2872,2092,1455,884,689,37.9,66,6,0,60,2159797,36947
13131,Grady,24633,5633,2704,24808,16637,7245,326,165,72,363,8171,1686,1744,1782,1552,1358,1493,1503,1443,1409,1545,1695,1736,1586,1438,1130,763,510,435,39.4,34,1,0,33,672965,34899
13133,Greene,18324,5856,3093,17003,10584,5950,94,154,21,200,6419,909,902,920,761,761,782,864,894,843,876,1039,1217,1424,1734,1436,885,406,350,49.9,45,1,0,44,614673,55396
13135,Gwinnett,936250,132998,178097,907135,510245,255936,7678,107947,915,24414,396890,61216,69412,73720,68068,59552,58405,60908,66331,68084,70010,65844,57054,43891,33857,21375,13265,8364,7779,35.2,1222,42,0,1180,44198573,41458
13137,Habersham,45328,12944,2417,44246,40210,1659,445,1096,127,709,4036,2571,2794,2885,2946,2969,2758,2690,2664,2651,2928,2855,2921,2646,2645,2015,1480,1012,816,39.7,107,2,0,105,1392422,33925
13139,Hall,204441,49442,17187,196637,171589,15929,1635,3981,393,3110,25048,12997,14222,14903,13827,12822,13123,12268,12427,12734,13713,13135,11732,10423,9532,7371,4973,3343,3092,36.6,720,9,0,711,8764977,43701
13141,Hancock,8457,872,2666,8640,2238,6206,43,85,2,66,6402,352,404,408,389,577,664,535,503,469,512,669,633,710,592,517,291,193,222,45.2,10,0,0,10,160890,29917
13143,Haralson,29792,9278,1219,29042,26888,1398,101,203,8,444,2154,1788,1911,1985,1906,1645,1942,1715,1638,1848,2179,2126,1912,1693,1603,1261,873,579,438,40,23,1,0,22,712231,36508
13145,Harris,35236,11834,4021,33652,26900,5673,151,329,34,565,6752,1562,2016,2266,2271,1864,1674,1694,1861,2179,2472,2748,2590,2496,2324,1622,935,560,518,43.9,44,2,0,42,449959,47469
13147,Hart,26205,7370,2178,25553,19979,4848,58,267,7,394,5574,1357,1525,1578,1458,1417,1539,1310,1362,1442,1688,1830,1818,1793,1783,1391,1033,701,528,44.3,6,0,0,6,880377,38125
13149,Heard,11923,3374,654,11487,9984,1157,63,64,4,215,1503,638,707,759,787,710,723,609,615,760,798,870,915,756,688,491,308,185,168,41.4,7,1,0,6,1132700,31144
13151,Henry,234561,41364,56485,221768,111423,96708,728,7459,192,5258,110345,13038,15265,18235,18190,14548,13175,12968,14745,16566,17692,16930,14328,11410,9561,6422,4163,2508,2024,36.9,384,11,0,373,5456897,39184
13153,Houston,157863,34314,24358,152122,95089,47233,718,4461,285,4336,57033,10271,11249,10962,10175,10135,11297,11135,10327,9356,9522,10908,10020,7962,6627,4580,3351,2420,1825,35.4,185,12,0,173,6039600,42625
13155,Irwin,9416,2701,851,9422,6618,2595,19,84,3,103,2804,453,558,629,603,596,649,577,597,622,670,609,573,558,534,429,325,222,218,40.4,15,0,0,15,181549,32824
13157,Jackson,72977,21950,4674,64615,57337,4626,255,1246,45,1106,7278,4305,4490,4992,4144,3551,4026,4169,4533,4431,4793,4500,4215,3530,3296,2407,1609,908,716,37.9,56,1,0,55,2647300,42211
13159,Jasper,14219,4430,1484,13654,10552,2764,74,41,2,221,3102,818,897,993,857,735,777,778,758,859,940,1000,1072,943,870,563,346,258,190,41.3,17,0,0,17,238754,40606
13161,Jeff_Davis,15115,3979,814,14877,12196,2278,114,110,13,166,2681,1053,1155,1119,1097,827,908,888,936,961,958,989,947,864,764,577,412,259,163,37.1,7,1,0,6,397699,29943
13163,Jefferson,15362,3177,3564,15916,7144,8458,35,123,13,143,8772,985,1052,1062,1004,946,1049,908,906,905,977,1087,1065,1105,992,695,512,309,357,40.3,11,1,0,10,514017,34034
13165,Jenkins,8676,1857,1004,8849,4844,3803,43,50,21,88,4005,494,525,511,579,627,695,563,555,547,554,603,577,544,516,374,248,169,168,38.8,13,1,0,12,135816,29250
13167,Johnson,9643,2524,948,9505,6083,3282,27,28,2,83,3422,414,457,575,512,571,630,654,651,685,705,732,730,631,529,412,256,188,173,42.1,34,1,0,33,136228,26195
13169,Jones,28735,8438,3938,28623,20820,7169,92,181,4,357,7803,1474,1809,2132,1989,1631,1617,1626,1813,1786,1989,2149,2013,1823,1748,1215,799,581,429,40.6,20,0,0,20,388998,37618
13171,Lamar,19077,5105,2195,18469,12376,5607,63,111,7,305,6093,1020,1066,1066,1712,1518,1234,993,969,1057,1120,1230,1249,1146,1086,830,527,358,288,38.3,29,0,0,29,396516,33079
13173,Lanier,10423,1910,762,10399,7612,2259,99,133,4,292,2787,769,790,714,568,617,866,819,743,633,579,724,692,553,494,320,252,143,123,35.4,7,1,0,6,154894,27561
13175,Laurens,47546,12484,6375,47516,28898,17366,153,507,13,579,18618,3143,3209,3298,3089,2864,3005,2651,2919,2787,3022,3128,3192,2922,2691,2036,1465,1039,1056,39.3,43,1,0,42,1835285,37372
13177,Lee,29992,10120,3356,29337,22004,6073,110,743,28,379,7333,1907,2104,2334,2200,1591,1762,1994,2127,2158,2152,1855,1944,1688,1510,857,548,347,259,36.8,277,17,0,260,546644,47258
13179,Liberty,61435,5557,9696,62570,30521,27010,452,1333,395,2859,32049,6220,5040,4081,3903,7614,7160,4969,3738,2929,2845,3057,3067,2584,2046,1565,849,521,382,27.8,34,0,0,34,3212350,35805
13181,Lincoln,7921,2756,1188,7828,5219,2412,36,39,1,121,2609,400,444,401,447,437,450,402,335,425,443,573,692,668,629,449,304,181,148,46.9,9,0,0,9,131430,37333
13183,Long,19559,2591,1371,18437,12385,4876,148,188,98,742,6052,1484,1525,1384,1303,1205,1610,1566,1402,1219,1160,1152,1078,897,595,313,230,146,168,32.3,2,0,0,2,120961,27071
13185,Lowndes,117406,20488,15024,114628,66977,42353,518,2201,175,2404,47651,7952,8029,7181,9251,15097,9306,7813,6648,6043,6123,6331,6121,5312,4747,3257,2422,1617,1378,30.3,105,3,0,102,4563203,37443
13187,Lumpkin,33610,9157,2228,31445,29839,544,223,232,41,566,1606,1423,1608,1647,2942,3859,1816,1587,1657,1641,1695,1967,2222,2111,1956,1458,902,551,403,37.4,25,0,0,25,696558,37427
13189,Macon,21312,1556,2652,21490,12067,8864,85,111,19,344,9423,1467,1533,1528,1440,1267,1327,1231,1162,1177,1294,1548,1496,1365,1295,962,641,416,341,39.1,55,1,0,54,624689,36982
13191,Madison,14378,9181,2418,13927,8812,4749,83,59,15,209,5115,602,659,709,724,752,754,630,673,749,895,1055,1161,1317,1079,902,617,348,301,49,16,1,0,15,193322,29519
13193,Marion,12947,1872,1037,13450,4957,8062,65,228,18,120,8493,684,719,684,816,1025,1060,956,861,794,820,985,1024,930,779,584,348,211,170,39.5,29,1,0,28,428881,31028
13195,McDuffie,29880,5323,3427,28824,25113,2661,100,501,9,440,3711,1746,1863,1854,1757,1747,1692,1695,1692,1852,1931,2221,2101,1956,1676,1258,890,520,373,41.1,37,3,0,34,482010,36557
13197,McIntosh,8359,3218,2161,8524,5474,2651,92,89,76,142,3050,435,554,511,518,497,486,446,425,490,520,722,699,615,566,441,313,177,109,44.1,4,0,0,4,128418,29333
13199,Meriwether,21167,5093,3501,21074,12257,8256,109,138,11,303,8817,1251,1288,1232,1323,1219,1325,1108,1200,1091,1305,1559,1575,1499,1456,1077,723,464,379,42.8,47,0,0,47,486486,34847
13201,Miller,5718,1803,502,5926,4192,1589,25,37,7,76,1734,347,414,376,348,338,328,334,336,305,365,434,397,378,358,272,236,193,167,42.6,23,0,0,23,171059,40826
13205,Mitchell,21863,4187,3245,22459,11211,10747,126,141,13,221,11248,1326,1512,1452,1434,1412,1518,1430,1437,1402,1467,1524,1555,1327,1205,889,699,427,443,39,214,23,0,191,710687,35069
13207,Monroe,27578,9308,3516,27306,20275,6294,93,277,9,358,7031,1378,1492,1635,1732,1674,1604,1485,1597,1667,1866,2047,2159,2069,1720,1223,882,534,542,43.4,15,0,0,15,1636124,44790
13209,Montgomery,9172,2686,821,9060,6518,2374,15,40,1,112,2542,484,533,538,683,698,596,567,497,559,602,596,637,543,529,392,329,169,108,39.4,2,0,0,2,141780,29408
13211,Morgan,19276,6807,2675,18170,13452,4162,140,137,9,270,4718,966,1085,1289,1180,1020,912,933,979,1094,1207,1360,1383,1257,1205,886,661,420,333,43.5,22,0,0,22,672292,50541
13213,Murray,40096,9512,1489,39315,37647,472,389,204,110,493,1668,2401,2709,2936,2660,2447,2608,2291,2508,2619,2853,2912,2669,2172,2016,1552,963,594,405,38.2,19,0,0,19,1250877,29968
13215,Muscogee,195769,24348,38462,197485,91888,93028,996,5326,473,5774,105597,14561,13830,12546,12973,15778,16700,14982,13096,11642,11313,11977,12189,10700,8609,5921,4211,3201,3256,34.1,234,4,0,230,9713550,44149
13217,Newton,111744,19449,23412,106999,55126,48080,381,1205,109,2098,51873,7003,7858,8423,8439,6977,6747,6435,6882,7299,7857,7492,6519,5519,5102,3562,2249,1418,1218,36.2,139,4,0,135,2415670,33750
13219,Oconee,40280,14480,6015,36838,32777,1937,101,1481,14,528,4061,2024,2679,3162,2963,1971,1510,1795,2427,2591,2891,2675,2578,2246,1942,1391,875,531,587,39.8,53,0,0,53,1254367,66740
13221,Oglethorpe,15259,4568,1847,14921,11868,2527,51,193,7,275,3053,823,843,939,901,846,886,895,838,923,1069,1099,1185,930,918,722,505,329,270,42.9,34,3,0,31,331793,37709
13223,Paulding,168667,40784,19959,155825,120108,29874,619,1664,112,3448,35717,9986,11477,12673,11649,9495,10009,10145,11070,11971,12964,11457,9581,7211,6302,4271,2764,1640,1160,36.1,143,7,0,136,2290287,37727
13225,Peach,27546,5432,4966,26655,13883,11830,126,308,21,487,12772,1603,1616,1647,2193,2409,1813,1562,1458,1489,1537,1884,1941,1653,1434,926,701,450,339,36.6,35,2,0,33,938621,38066
13227,Pickens,32591,11331,1901,30832,29639,389,144,243,10,407,1193,1526,1706,1891,1788,1606,1797,1519,1625,1801,2082,2203,2392,2311,2489,1815,1124,640,517,45.4,18,2,0,16,929381,47887
13229,Pierce,19465,6123,738,19171,16886,1684,158,150,17,276,2285,1213,1300,1437,1307,1088,1087,1130,1280,1230,1297,1323,1269,1097,1093,810,556,346,308,39,51,2,0,49,371570,36065
13231,Pike,18962,7322,1164,17941,15839,1700,49,80,3,270,2102,871,1033,1399,1418,1040,965,990,1029,1279,1378,1423,1261,1100,949,738,503,317,248,40.9,34,2,0,32,278801,39851
13233,Polk,42613,10177,2588,41776,34876,5417,321,375,78,709,6900,2831,3041,3051,2771,2533,2937,2694,2550,2444,2656,2720,2752,2371,2216,1696,1141,756,616,36.9,36,0,0,36,1181529,32368
13235,Pulaski,11137,2527,1079,11251,7320,3624,52,114,10,131,3931,483,619,656,593,687,703,671,676,686,792,816,791,798,744,588,465,263,220,44,17,1,0,16,265086,30358
13237,Putnam,22119,6704,2579,21477,15159,5783,99,134,57,245,6318,1173,1239,1258,1162,1044,1257,1207,1065,1057,1357,1444,1641,1726,1779,1335,855,488,390,46.1,26,2,0,24,445696,41839
13239,Quitman,2299,522,410,2335,1172,1113,16,7,0,27,1163,96,116,123,119,103,107,113,96,101,126,164,174,205,234,194,118,69,77,52,3,1,0,2,49138,30902
13241,Rabun,17137,6063,1428,16559,15740,258,93,166,12,290,819,743,751,782,1006,823,865,831,812,940,994,1086,1268,1264,1482,1202,804,506,400,48.6,8,0,0,8,466083,41128
13243,Randolph,6778,1257,1518,7177,2655,4408,7,41,5,61,4522,420,446,392,522,471,416,355,352,310,345,484,585,509,496,366,284,186,238,43.6,146,16,0,130,362963,33238
13245,Richmond,202518,22076,47531,201647,77493,113961,826,3582,486,5299,124154,13956,13432,12269,13627,17159,18432,14715,12218,10507,10998,12502,13312,11830,9610,6416,4552,3252,2860,34,295,12,0,283,11603709,38196
13247,Rockdale,90896,11703,24725,89355,36815,48278,499,1698,114,1951,52540,5250,6225,6661,6666,5934,5388,4919,5267,5800,6361,6852,6224,5531,4745,3118,1968,1291,1155,38.4,140,6,0,134,3403771,35244
13249,Schley,5257,1565,353,5098,3924,1074,7,36,0,57,1174,248,353,452,402,268,263,270,287,349,425,357,362,270,270,226,156,76,64,40.1,16,1,0,15,111573,30931
13251,Screven,13966,3268,2131,14044,7892,5842,50,81,3,176,6152,829,859,773,883,897,968,773,809,762,909,964,1060,1079,885,639,444,221,290,41.5,12,1,0,11,330384,35010
13253,Seminole,8090,2149,1061,8468,5373,2893,26,62,0,114,3095,473,481,510,537,490,431,407,436,466,511,591,650,592,591,523,346,205,228,45,25,2,0,23,248233,40217
13255,Spalding,66703,14937,9258,64806,40813,21867,302,635,63,1126,23993,4113,4403,4379,4019,3998,4545,3954,3991,3762,4076,4173,4292,3994,3910,2927,1946,1236,1088,38.7,136,7,0,129,1932018,34772
13257,Stephens,25925,7326,1692,25751,21925,2863,113,226,19,605,3826,1625,1576,1558,1710,1846,1551,1330,1399,1398,1609,1734,1772,1780,1671,1295,914,558,425,41.1,41,1,0,40,845831,38915
13259,Stewart,6621,760,1053,5705,2536,2896,33,113,1,126,3169,220,258,189,247,610,620,523,454,338,340,358,331,327,277,218,147,118,130,37,17,0,0,17,131437,22771
13261,Sumter,29524,5149,5360,30389,13267,16141,168,415,56,342,17122,1871,2027,1940,2462,2957,1923,1719,1653,1608,1743,1959,1908,1767,1739,1199,781,593,540,35.8,333,18,0,315,1012804,35847
13263,Talbot,6195,1167,1765,6171,2590,3451,31,16,1,82,3581,268,318,311,344,331,334,269,289,331,407,539,574,594,470,318,246,136,92,48.6,20,1,0,19,136557,34504
13265,Tattnall,25286,5073,1537,25092,17033,7410,172,156,40,281,8059,1401,1498,1511,1420,1916,2058,1955,1790,1799,1796,1791,1577,1368,1172,804,588,377,271,37.2,5,0,0,5,598451,28406
13269,Taylor,8020,2069,1205,8232,4878,3191,15,66,1,81,3354,418,477,459,490,536,521,396,450,498,563,603,660,585,515,426,297,177,161,43.8,13,2,0,11,196727,30141
13271,Telfair,15860,2425,1191,15965,9589,5987,64,117,11,197,6376,646,766,839,873,931,1193,1252,1325,1158,1150,1079,1101,1010,836,603,511,319,373,40.7,15,0,0,15,400242,20923
13273,Terrell,8531,1800,2125,8967,3350,5390,49,40,14,124,5617,552,613,574,546,555,618,510,485,407,476,631,643,652,564,443,297,209,192,40.4,156,18,0,138,243756,40325
13275,Thomas,44451,10557,6602,45248,27281,16585,258,440,31,653,17967,2910,3072,3035,2828,2585,2788,2744,2716,2561,2827,3181,3150,2879,2559,2052,1483,907,971,39.9,133,14,0,119,2050229,44355
13277,Tift,40644,9523,4070,40828,27172,12262,209,634,24,527,13656,2909,2736,2811,3226,3089,2858,2471,2619,2368,2470,2506,2552,2333,1945,1485,1050,737,663,35.6,93,4,0,89,1722446,37805
13279,Toombs,26830,6623,2201,27196,19226,7062,204,240,62,402,7970,1991,2057,2034,1929,1636,1697,1672,1668,1560,1639,1710,1749,1570,1426,1073,778,511,496,36.7,20,3,0,17,909766,35517
13281,Towns,12037,5009,1065,11391,11034,124,43,91,4,95,357,400,382,434,1051,742,445,383,378,490,550,624,744,844,1184,969,779,561,431,53.6,15,0,0,15,291115,37858
13283,Treutlen,6901,1800,806,6637,4384,2142,18,23,1,69,2253,397,477,458,428,445,440,434,451,337,398,425,462,426,390,243,187,129,110,37.4,2,0,0,2,119360,30119
13285,Troup,69922,14533,9218,70005,41930,25143,282,1413,115,1122,28075,4578,4895,5020,4948,5091,4884,4416,4201,4248,4324,4734,4591,4033,3566,2431,1643,1216,1186,36.3,105,4,0,101,3689303,36476
13287,Turner,7985,2062,1200,8030,4650,3167,40,66,14,93,3380,545,529,536,522,517,541,466,435,403,477,514,523,460,488,406,285,194,189,39.2,59,4,0,55,190629,34396
13289,Twiggs,8120,1999,1776,8171,4580,3412,30,25,2,122,3591,413,483,452,374,431,482,426,414,401,490,672,745,681,626,448,326,181,126,47.3,4,0,0,4,269210,39530
13291,Union,24511,9899,1852,22928,22207,180,106,157,3,275,721,834,965,1118,1164,969,906,910,944,1029,1250,1494,1821,1991,2490,2030,1446,837,730,54.7,15,1,0,14,636700,36581
13293,Upson,26320,7063,3443,26335,18157,7500,123,177,14,364,8178,1642,1603,1589,1644,1632,1603,1405,1497,1535,1710,1907,1981,1736,1670,1222,913,549,497,41.9,179,11,0,168,634107,35133
13295,Walker,69761,17400,3838,67896,63145,2988,224,405,43,1091,4751,3829,4108,4342,4337,3800,4144,3921,4414,4400,4529,4847,4827,4637,4166,2877,2173,1320,1225,41.3,28,0,0,28,1382991,32826
13297,Walton,94593,29742,8679,90184,71121,15804,369,1324,99,1467,19063,5648,6053,6853,6283,5537,5516,5211,5596,5788,6590,6722,5870,4975,4843,3563,2350,1442,1344,38.6,64,3,0,61,2305512,40458
13299,Ware,35734,7894,3067,35738,23886,10647,178,366,33,628,11852,2408,2496,2273,2105,2319,2654,2188,2136,2067,2240,2278,2374,2232,1974,1402,1023,730,839,38.2,92,7,0,85,1253181,33906
13301,Warren,5254,1053,1200,5442,2113,3222,15,31,0,61,3329,292,325,351,287,312,306,265,267,261,323,411,446,425,337,359,197,141,137,46,10,0,0,10,190039,34598
13303,Washington,20374,4128,4012,20457,9179,10890,37,137,4,210,11278,1216,1353,1216,1228,1360,1342,1245,1237,1156,1238,1556,1521,1328,1189,843,590,412,427,40.1,25,1,0,24,580610,35296
13305,Wayne,29927,8120,1940,30104,23056,6024,182,189,36,617,7048,2016,2140,2043,1817,1750,2086,1985,1956,1907,2012,2027,1919,1786,1625,1188,850,560,437,38.1,9,0,0,9,716988,31954
13307,Webster,2607,659,440,2599,1425,1104,11,12,0,47,1174,121,120,176,182,132,121,121,117,158,185,212,211,194,179,123,102,71,74,46.3,7,0,0,7,68097,33109
13309,Wheeler,7855,1372,555,7978,4814,3038,8,20,2,96,3164,338,386,404,382,638,755,686,603,617,629,562,483,403,379,311,174,103,125,38.5,3,0,0,3,126380,19631
13311,White,30798,9667,1647,28884,27511,593,161,153,15,451,1373,1387,1593,1824,1965,1735,1588,1362,1546,1617,1866,2012,2121,2054,2131,1692,1145,742,504,44.5,31,0,0,31,651770,34961
13313,Whitfield,104628,19758,7323,104589,94885,4532,1450,1743,210,1769,9704,7130,7846,8080,7631,7066,7257,6643,6716,6731,7165,6912,6208,5333,4605,3565,2488,1698,1515,35.5,46,4,0,42,5604981,38752
13315,Wilcox,8635,2064,745,8761,5497,3051,24,62,1,126,3264,457,464,481,458,596,675,650,621,609,614,609,567,522,474,318,266,203,177,39.8,45,5,0,40,147790,26712
13317,Wilkes,9777,2578,1774,9805,5384,4116,26,93,1,185,4421,535,623,566,586,521,513,484,510,517,605,706,750,703,658,619,383,260,266,45.4,19,0,0,19,299631,39472
13319,Wilkinson,8954,2373,1877,9104,5344,3529,44,52,3,132,3760,504,624,614,541,499,472,538,503,465,547,737,701,656,530,440,330,212,191,42.8,22,2,0,20,469070,35204
13321,Worth,20247,5915,1894,20748,14382,5879,81,130,18,258,6366,1241,1344,1327,1295,1193,1360,1183,1114,1160,1328,1478,1549,1403,1268,1017,665,424,399,41.5,129,8,0,121,335248,34380